Id,Field Id,Dependent Field Id,Layout Id,Sort Order,Unique Id,Dependent Unique Id,Is Internal,Source,Category
zcrm_318358000000171338,zcrm_318358000000171212,zcrm_318358000000171214,zcrm_318358000000171208,,,,false,1,0
zcrm_318358000000302037,zcrm_318358000000135001,zcrm_318358000000000547,zcrm_318358000000032043,1,zcrm_318358000000302027,zcrm_318358000000013360,false,1,1
zcrm_318358000000302037,zcrm_318358000000135001,zcrm_318358000000000547,zcrm_318358000000032043,2,zcrm_318358000000302027,zcrm_318358000000013363,false,1,1
zcrm_318358000000302037,zcrm_318358000000135001,zcrm_318358000000000547,zcrm_318358000000032043,3,zcrm_318358000000302027,zcrm_318358000000013366,false,1,1
zcrm_318358000000302037,zcrm_318358000000135001,zcrm_318358000000000547,zcrm_318358000000032043,4,zcrm_318358000000302027,zcrm_318358000000013369,false,1,1
zcrm_318358000000302037,zcrm_318358000000135001,zcrm_318358000000000547,zcrm_318358000000032043,5,zcrm_318358000000302027,zcrm_318358000000013372,false,1,1
zcrm_318358000000302037,zcrm_318358000000135001,zcrm_318358000000000547,zcrm_318358000000032043,6,zcrm_318358000000302027,zcrm_318358000000013375,false,1,1
zcrm_318358000000302037,zcrm_318358000000135001,zcrm_318358000000000547,zcrm_318358000000032043,7,zcrm_318358000000302027,zcrm_318358000000013378,false,1,1
zcrm_318358000000302037,zcrm_318358000000135001,zcrm_318358000000000547,zcrm_318358000000032043,8,zcrm_318358000000302027,zcrm_318358000000013381,false,1,1
zcrm_318358000000302037,zcrm_318358000000135001,zcrm_318358000000000547,zcrm_318358000000032043,9,zcrm_318358000000302027,zcrm_318358000000013384,false,1,1
zcrm_318358000000302037,zcrm_318358000000135001,zcrm_318358000000000547,zcrm_318358000000032043,10,zcrm_318358000000302027,zcrm_318358000000302024,false,1,1
zcrm_318358000000302037,zcrm_318358000000135001,zcrm_318358000000000547,zcrm_318358000000032043,1,zcrm_318358000000302033,zcrm_318358000000013360,false,1,1
zcrm_318358000000302037,zcrm_318358000000135001,zcrm_318358000000000547,zcrm_318358000000032043,2,zcrm_318358000000302033,zcrm_318358000000013363,false,1,1
zcrm_318358000000302037,zcrm_318358000000135001,zcrm_318358000000000547,zcrm_318358000000032043,3,zcrm_318358000000302033,zcrm_318358000000013366,false,1,1
zcrm_318358000000302037,zcrm_318358000000135001,zcrm_318358000000000547,zcrm_318358000000032043,4,zcrm_318358000000302033,zcrm_318358000000013369,false,1,1
zcrm_318358000000302037,zcrm_318358000000135001,zcrm_318358000000000547,zcrm_318358000000032043,5,zcrm_318358000000302033,zcrm_318358000000013372,false,1,1
zcrm_318358000000302037,zcrm_318358000000135001,zcrm_318358000000000547,zcrm_318358000000032043,6,zcrm_318358000000302033,zcrm_318358000000013375,false,1,1
zcrm_318358000000302037,zcrm_318358000000135001,zcrm_318358000000000547,zcrm_318358000000032043,7,zcrm_318358000000302033,zcrm_318358000000013378,false,1,1
zcrm_318358000000302037,zcrm_318358000000135001,zcrm_318358000000000547,zcrm_318358000000032043,8,zcrm_318358000000302033,zcrm_318358000000013381,false,1,1
zcrm_318358000000302037,zcrm_318358000000135001,zcrm_318358000000000547,zcrm_318358000000032043,9,zcrm_318358000000302033,zcrm_318358000000013384,false,1,1
zcrm_318358000000302037,zcrm_318358000000135001,zcrm_318358000000000547,zcrm_318358000000032043,10,zcrm_318358000000302033,zcrm_318358000000302024,false,1,1
zcrm_318358000003792012,zcrm_318358000000000235,zcrm_318358000000152003,zcrm_318358000000032041,,zcrm_318358000000002259,zcrm_318358000000152005,true,1,0
zcrm_318358000003792012,zcrm_318358000000000235,zcrm_318358000000152003,zcrm_318358000000032041,,zcrm_318358000000002259,zcrm_318358000000152007,true,1,0
zcrm_318358000003792012,zcrm_318358000000000235,zcrm_318358000000152003,zcrm_318358000000032041,,zcrm_318358000000002261,zcrm_318358000000152015,true,1,0
zcrm_318358000003792012,zcrm_318358000000000235,zcrm_318358000000152003,zcrm_318358000000032041,,zcrm_318358000000152001,zcrm_318358000000152015,true,1,0
zcrm_318358000012389033,zcrm_318358000000000547,zcrm_318358000000168710,zcrm_318358000000032043,,zcrm_318358000000013360,zcrm_318358000000013342,true,1,0
zcrm_318358000012389033,zcrm_318358000000000547,zcrm_318358000000168710,zcrm_318358000000032043,,zcrm_318358000000013360,zcrm_318358000000013351,true,1,0
zcrm_318358000012389033,zcrm_318358000000000547,zcrm_318358000000168710,zcrm_318358000000032043,,zcrm_318358000000013360,zcrm_318358000000013354,true,1,0
zcrm_318358000012389033,zcrm_318358000000000547,zcrm_318358000000168710,zcrm_318358000000032043,,zcrm_318358000000013363,zcrm_318358000000013342,true,1,0
zcrm_318358000012389033,zcrm_318358000000000547,zcrm_318358000000168710,zcrm_318358000000032043,,zcrm_318358000000013363,zcrm_318358000000013351,true,1,0
zcrm_318358000012389033,zcrm_318358000000000547,zcrm_318358000000168710,zcrm_318358000000032043,,zcrm_318358000000013363,zcrm_318358000000013354,true,1,0
zcrm_318358000012389033,zcrm_318358000000000547,zcrm_318358000000168710,zcrm_318358000000032043,,zcrm_318358000000013366,zcrm_318358000000013342,true,1,0
zcrm_318358000012389033,zcrm_318358000000000547,zcrm_318358000000168710,zcrm_318358000000032043,,zcrm_318358000000013366,zcrm_318358000000013351,true,1,0
zcrm_318358000012389033,zcrm_318358000000000547,zcrm_318358000000168710,zcrm_318358000000032043,,zcrm_318358000000013366,zcrm_318358000000013354,true,1,0
zcrm_318358000012389033,zcrm_318358000000000547,zcrm_318358000000168710,zcrm_318358000000032043,,zcrm_318358000000013369,zcrm_318358000000013342,true,1,0
zcrm_318358000012389033,zcrm_318358000000000547,zcrm_318358000000168710,zcrm_318358000000032043,,zcrm_318358000000013369,zcrm_318358000000013351,true,1,0
zcrm_318358000012389033,zcrm_318358000000000547,zcrm_318358000000168710,zcrm_318358000000032043,,zcrm_318358000000013369,zcrm_318358000000013354,true,1,0
zcrm_318358000012389033,zcrm_318358000000000547,zcrm_318358000000168710,zcrm_318358000000032043,,zcrm_318358000000013372,zcrm_318358000000013342,true,1,0
zcrm_318358000012389033,zcrm_318358000000000547,zcrm_318358000000168710,zcrm_318358000000032043,,zcrm_318358000000013372,zcrm_318358000000013351,true,1,0
zcrm_318358000012389033,zcrm_318358000000000547,zcrm_318358000000168710,zcrm_318358000000032043,,zcrm_318358000000013372,zcrm_318358000000013354,true,1,0
zcrm_318358000012389033,zcrm_318358000000000547,zcrm_318358000000168710,zcrm_318358000000032043,,zcrm_318358000000013375,zcrm_318358000000013342,true,1,0
zcrm_318358000012389033,zcrm_318358000000000547,zcrm_318358000000168710,zcrm_318358000000032043,,zcrm_318358000000013375,zcrm_318358000000013351,true,1,0
zcrm_318358000012389033,zcrm_318358000000000547,zcrm_318358000000168710,zcrm_318358000000032043,,zcrm_318358000000013375,zcrm_318358000000013354,true,1,0
zcrm_318358000012389033,zcrm_318358000000000547,zcrm_318358000000168710,zcrm_318358000000032043,,zcrm_318358000000013378,zcrm_318358000000013345,true,1,0
zcrm_318358000012389033,zcrm_318358000000000547,zcrm_318358000000168710,zcrm_318358000000032043,,zcrm_318358000000013381,zcrm_318358000000013348,true,1,0
zcrm_318358000012389033,zcrm_318358000000000547,zcrm_318358000000168710,zcrm_318358000000032043,,zcrm_318358000000013384,zcrm_318358000000013348,true,1,0
zcrm_318358000012389033,zcrm_318358000000000547,zcrm_318358000000168710,zcrm_318358000000032043,,zcrm_318358000000302024,zcrm_318358000000013342,true,1,0
zcrm_318358000012389033,zcrm_318358000000000547,zcrm_318358000000168710,zcrm_318358000000032043,,zcrm_318358000000302024,zcrm_318358000000013351,true,1,0
zcrm_318358000012389033,zcrm_318358000000000547,zcrm_318358000000168710,zcrm_318358000000032043,,zcrm_318358000000302024,zcrm_318358000000013354,true,1,0
zcrm_318358000012389033,zcrm_318358000000000547,zcrm_318358000000168710,zcrm_318358000000032043,,zcrm_318358000002041131,zcrm_318358000000013342,true,1,0
zcrm_318358000012389033,zcrm_318358000000000547,zcrm_318358000000168710,zcrm_318358000000032043,,zcrm_318358000002041131,zcrm_318358000000013351,true,1,0
zcrm_318358000012389033,zcrm_318358000000000547,zcrm_318358000000168710,zcrm_318358000000032043,,zcrm_318358000002041131,zcrm_318358000000013354,true,1,0
zcrm_318358000012389033,zcrm_318358000000000547,zcrm_318358000000168710,zcrm_318358000000032043,,zcrm_318358000002041133,zcrm_318358000000013342,true,1,0
zcrm_318358000012389033,zcrm_318358000000000547,zcrm_318358000000168710,zcrm_318358000000032043,,zcrm_318358000002041133,zcrm_318358000000013351,true,1,0
zcrm_318358000012389033,zcrm_318358000000000547,zcrm_318358000000168710,zcrm_318358000000032043,,zcrm_318358000002041133,zcrm_318358000000013354,true,1,0
