Layout Id,Layout Name,Tab Name,Created By Id,Modified By Id,Created Time,Modified Time,Status
zcrm_318358000000032007,Standard,Products,,,,,false
zcrm_318358000000032011,Standard,Solutions,,,,,false
zcrm_318358000000032013,Standard,Invoices,,,,,false
zcrm_318358000000032015,Standard,Cases,,,,,false
zcrm_318358000000032021,Standard,Visits,,,,,false
zcrm_318358000000032029,Standard,Campaigns,,,,,false
zcrm_318358000000032033,Standard,Leads,,zcrm_318358000000245015,,2023-03-06 18:23:39,false
zcrm_318358000000032035,Standard,Accounts,,zcrm_318358000000245015,,2022-07-24 14:13:32,false
zcrm_318358000000032037,Standard,Events,,,,,false
zcrm_318358000000032039,Standard,Contacts,,zcrm_318358000000245015,,2022-09-24 09:20:18,false
zcrm_318358000000032041,Standard,Calls,,zcrm_318358000000245015,,2022-07-24 13:26:34,false
zcrm_318358000000032043,Standard,Potentials,,zcrm_318358000000245015,,2022-07-24 14:17:10,false
zcrm_318358000000032045,Standard,PurchaseOrders,,,,,false
zcrm_318358000000032047,Standard,SalesOrders,,,,,false
zcrm_318358000000032051,Standard,Users,,,,,false
zcrm_318358000000032053,Standard,Quotes,,,,,false
zcrm_318358000000032055,Standard,Tasks,,,,,false
zcrm_318358000000032057,Standard,PriceBooks,,,,,false
zcrm_318358000000032059,Standard,Vendors,,,,,false
zcrm_318358000000085039,Standard,CheckLists,,,,,false
zcrm_318358000000104003,Standard,DealContactRole,,,,,false
zcrm_318358000000112003,Standard,AccountProductRelations,,,,,false
zcrm_318358000000112015,Standard,LeadProductRelations,,,,,false
zcrm_318358000000112027,Standard,ContactProductRelations,,,,,false
zcrm_318358000000112039,Standard,DealProductRelations,,,,,false
zcrm_318358000000113003,Standard,DealHistory,,,2018-08-27 12:50:18,2018-08-27 12:50:18,false
zcrm_318358000000154003,Standard,Invitees,,,,,false
zcrm_318358000000171208,Standard,Review Processes,,,,,false
zcrm_318358000000174418,Standard,InvoicedItems,,,,,false
zcrm_318358000000174836,Standard,PurchaseItems,,,,,false
zcrm_318358000000175254,Standard,OrderedItems,,,,,false
zcrm_318358000000175672,Standard,QuotedItems,,,,,false
zcrm_318358000000205024,Standard,Fields,,,,,false
zcrm_318358000000238106,Zoho Survey,Campaigns,,zcrm_318358000000245015,2020-11-13 14:11:56,2020-11-13 14:11:56,false
zcrm_318358000000286822,Standard,CustomModule1,zcrm_318358000000245015,zcrm_318358000000245015,2020-11-29 23:15:10,2020-11-29 23:15:10,false
zcrm_318358000000287761,Standard,CustomModule2,zcrm_318358000000245015,zcrm_318358000000245015,2020-11-29 23:15:10,2020-11-29 23:15:10,false
zcrm_318358000000291003,Zoho Webinar,Campaigns,,zcrm_318358000000245015,2020-11-29 23:24:44,2020-11-29 23:24:44,false
zcrm_318358000000306008,Standard,Consents,zcrm_318358000000245015,zcrm_318358000000245015,2020-12-03 16:33:08,2020-12-03 16:33:08,false
zcrm_318358000000306696,Standard,Data_Subject_Requests,zcrm_318358000000245015,zcrm_318358000000245015,2020-12-03 16:33:09,2020-12-03 16:33:09,false
zcrm_318358000000317744,Standard,CustomModule5005,zcrm_318358000000245015,zcrm_318358000000245015,2020-12-04 19:02:23,2020-12-04 19:02:23,false
zcrm_318358000000317855,Standard,CustomModule5001,zcrm_318358000000245015,zcrm_318358000000245015,2020-12-04 19:02:24,2020-12-04 19:02:24,false
zcrm_318358000000318861,Standard,CustomModule5002,zcrm_318358000000245015,zcrm_318358000000245015,2020-12-04 19:02:24,2020-12-04 19:02:24,false
zcrm_318358000000319724,Standard,CustomModule5003,zcrm_318358000000245015,zcrm_318358000000245015,2020-12-04 19:02:24,2020-12-04 19:02:24,false
zcrm_318358000000320585,Standard,CustomModule5004,zcrm_318358000000245015,zcrm_318358000000245015,2020-12-04 19:02:25,2020-12-04 19:02:25,false
zcrm_318358000000593016,Standard,Orchestration1,,,,,false
zcrm_318358000000594007,Standard,Orchestration2,,,,,false
zcrm_318358000003022062,Zoho Campaigns,Campaigns,,zcrm_318358000000245015,2021-11-05 10:50:36,2021-11-05 10:50:36,false
zcrm_318358000005305678,Zoho Backstage,Campaigns,,zcrm_318358000000245015,2022-06-14 23:39:18,2022-06-14 23:39:18,false
zcrm_318358000005718014,Standard,LinkingModule1,zcrm_318358000000245015,zcrm_318358000000245015,2022-07-24 10:44:18,2022-07-24 10:44:18,false
zcrm_318358000007643006,Standard,PathFinder3,,,,,false
zcrm_318358000008325019,Standard,Global Fileupload,,,,,false
zcrm_318358000011987093,Standard,Automation_Cadences,,,,,false
zcrm_318358000011987095,Standard,Cadences_Followups,,,,,false
zcrm_318358000011987097,Standard,Entity_Cadences,,,,,false
